{
  "project_info": {
    "project_number": "701284233910",
    "firebase_url": "https://smartfleet-e93da.firebaseio.com",
    "project_id": "smartfleet-e93da",
    "storage_bucket": "smartfleet-e93da.appspot.com"
  },
  "client": [
    {
      "client_info": {
        "mobilesdk_app_id": "1:701284233910:android:874f67bb3689dc4c296c17",
        "android_client_info": {
          "package_name": "com.example.smartdriver"
        }
      },
      "oauth_client": [
        {
          "client_id": "701284233910-fpedfjcn64tjvmghqorj1ppntf881ble.apps.googleusercontent.com",
          "client_type": 1,
          "android_info": {
            "package_name": "com.example.smartdriver",
            "certificate_hash": "ec3bd1995507fb9018a94436b07cdb6ca7104ee3"
          }
        },
        {
          "client_id": "701284233910-gbv2q5vto88a8qludjhbrbib4us0mbkb.apps.googleusercontent.com",
          "client_type": 3
        }
      ],
      "api_key": [
        {
          "current_key": "AIzaSyDZMv_0aXJuLtbZaU8HHAb8wscWnZyG4Eg"
        }
      ],
      "services": {
        "appinvite_service": {
          "other_platform_oauth_client": [
            {
              "client_id": "701284233910-gbv2q5vto88a8qludjhbrbib4us0mbkb.apps.googleusercontent.com",
              "client_type": 3
            }
          ]
        }
      }
    },
    {
      "client_info": {
        "mobilesdk_app_id": "1:701284233910:android:cb1861e09fd75c5e296c17",
        "android_client_info": {
          "package_name": "com.example.smartfleet"
        }
      },
      "oauth_client": [
        {
          "client_id": "701284233910-b2sg4q9fpr0lt0qrm4505oknih4st67q.apps.googleusercontent.com",
          "client_type": 1,
          "android_info": {
            "package_name": "com.example.smartfleet",
            "certificate_hash": "ec3bd1995507fb9018a94436b07cdb6ca7104ee3"
          }
        },
        {
          "client_id": "701284233910-gbv2q5vto88a8qludjhbrbib4us0mbkb.apps.googleusercontent.com",
          "client_type": 3
        }
      ],
      "api_key": [
        {
          "current_key": "AIzaSyDZMv_0aXJuLtbZaU8HHAb8wscWnZyG4Eg"
        }
      ],
      "services": {
        "appinvite_service": {
          "other_platform_oauth_client": [
            {
              "client_id": "701284233910-gbv2q5vto88a8qludjhbrbib4us0mbkb.apps.googleusercontent.com",
              "client_type": 3
            }
          ]
        }
      }
    }
  ],
  "configuration_version": "1"
}